{"cameraMode":{"drawMode":0,"name":"Shaded","section":"Shading Mode"},"sceneLighting":true,"audioPlay":false,"sceneViewState":{"m_AlwaysRefresh":false,"showFog":true,"showSkybox":true,"showFlares":true,"showImageEffects":true,"showParticleSystems":true,"showVisualEffectGraphs":true,"m_FxEnabled":true},"in2DMode":false,"pivot":{"x":0.07666169106960297,"y":3.8740057945251467,"z":1.568014144897461},"rotation":{"x":-0.19112633168697358,"y":-0.0008862623362801969,"z":0.00017247823416255414,"w":-0.9815651774406433},"size":3.007394790649414,"orthographic":false}